Datetime,Open,High,Low,Close,Adj Close,Volume
2023-12-01 09:15:00,112.94999694824219,113.94999694824219,112.05000305175781,113.1500015258789,113.1500015258789,3183130
2023-12-01 09:30:00,112.94999694824219,113.05000305175781,112.44999694824219,112.5999984741211,112.5999984741211,2061798
2023-12-01 09:45:00,112.5999984741211,112.69999694824219,112.25,112.5,112.5,880692
2023-12-01 10:00:00,112.5,112.5,112.1500015258789,112.19999694824219,112.19999694824219,704727
2023-12-01 10:15:00,112.19999694824219,112.30000305175781,111.8499984741211,112.0999984741211,112.0999984741211,1222331
2023-12-01 10:30:00,112.1500015258789,112.19999694824219,111.75,111.8499984741211,111.8499984741211,654652
2023-12-01 10:45:00,111.9000015258789,112.0999984741211,111.80000305175781,112.0,112.0,546251
2023-12-01 11:00:00,111.94999694824219,112.0,111.25,111.30000305175781,111.30000305175781,846061
2023-12-01 11:15:00,111.30000305175781,111.5,111.19999694824219,111.30000305175781,111.30000305175781,620578
2023-12-01 11:30:00,111.3499984741211,111.5999984741211,111.19999694824219,111.30000305175781,111.30000305175781,587534
2023-12-01 11:45:00,111.3499984741211,111.4000015258789,111.05000305175781,111.30000305175781,111.30000305175781,391282
2023-12-01 12:00:00,111.25,111.30000305175781,110.8499984741211,110.9000015258789,110.9000015258789,616596
2023-12-01 12:15:00,110.8499984741211,111.0,110.6500015258789,110.94999694824219,110.94999694824219,714086
2023-12-01 12:30:00,111.0,111.0999984741211,110.9000015258789,110.9000015258789,110.9000015258789,462540
2023-12-01 12:45:00,110.9000015258789,111.5,110.9000015258789,111.25,111.25,625924
2023-12-01 13:00:00,111.25,111.55000305175781,111.0999984741211,111.44999694824219,111.44999694824219,826496
2023-12-01 13:15:00,111.44999694824219,111.80000305175781,111.30000305175781,111.3499984741211,111.3499984741211,524104
2023-12-01 13:30:00,111.3499984741211,111.5,111.30000305175781,111.44999694824219,111.44999694824219,163222
2023-12-01 13:45:00,111.4000015258789,111.55000305175781,111.3499984741211,111.44999694824219,111.44999694824219,255882
2023-12-01 14:00:00,111.44999694824219,111.5999984741211,110.9000015258789,110.9000015258789,110.9000015258789,671907
2023-12-01 14:15:00,110.94999694824219,111.1500015258789,110.75,110.94999694824219,110.94999694824219,589863
2023-12-01 14:30:00,110.9000015258789,111.6500015258789,110.8499984741211,111.44999694824219,111.44999694824219,1282472
2023-12-01 14:45:00,111.44999694824219,111.5,111.05000305175781,111.1500015258789,111.1500015258789,570430
2023-12-01 15:00:00,111.5999984741211,111.5999984741211,111.0999984741211,111.30000305175781,111.30000305175781,1485165
2023-12-01 15:15:00,111.3499984741211,111.3499984741211,111.0,111.0999984741211,111.0999984741211,1525480
2023-12-04 09:15:00,114.69999694824219,114.80000305175781,113.0999984741211,114.44999694824219,114.44999694824219,3030601
2023-12-04 09:30:00,114.3499984741211,115.0999984741211,113.9000015258789,114.80000305175781,114.80000305175781,4020193
2023-12-04 09:45:00,114.75,116.1500015258789,114.6500015258789,115.69999694824219,115.69999694824219,4893164
2023-12-04 10:00:00,115.75,115.9000015258789,115.0999984741211,115.8499984741211,115.8499984741211,2136864
2023-12-04 10:15:00,115.94999694824219,118.0,115.94999694824219,117.8499984741211,117.8499984741211,5981192
2023-12-04 10:30:00,117.9000015258789,118.0999984741211,116.80000305175781,116.9000015258789,116.9000015258789,4086431
2023-12-04 10:45:00,117.0,117.0,116.5,116.69999694824219,116.69999694824219,1746755
2023-12-04 11:00:00,116.69999694824219,116.75,116.30000305175781,116.4000015258789,116.4000015258789,1539485
2023-12-04 11:15:00,116.4000015258789,116.94999694824219,116.3499984741211,116.69999694824219,116.69999694824219,1068980
2023-12-04 11:30:00,116.6500015258789,116.80000305175781,115.9000015258789,116.05000305175781,116.05000305175781,1307493
2023-12-04 11:45:00,116.1500015258789,116.25,115.9000015258789,116.25,116.25,1218230
2023-12-04 12:00:00,116.30000305175781,116.44999694824219,116.05000305175781,116.19999694824219,116.19999694824219,955878
2023-12-04 12:15:00,116.19999694824219,116.75,115.9000015258789,116.6500015258789,116.6500015258789,1689468
2023-12-04 12:30:00,116.5999984741211,116.80000305175781,116.4000015258789,116.44999694824219,116.44999694824219,1106746
2023-12-04 12:45:00,116.5,116.80000305175781,116.4000015258789,116.44999694824219,116.44999694824219,1353972
2023-12-04 13:00:00,116.44999694824219,116.5,116.19999694824219,116.30000305175781,116.30000305175781,697647
2023-12-04 13:15:00,116.3499984741211,116.4000015258789,116.19999694824219,116.25,116.25,310197
2023-12-04 13:30:00,116.25,116.3499984741211,116.05000305175781,116.1500015258789,116.1500015258789,564327
2023-12-04 13:45:00,116.25,116.25,115.80000305175781,116.05000305175781,116.05000305175781,1100928
2023-12-04 14:00:00,116.0999984741211,116.44999694824219,116.0,116.05000305175781,116.05000305175781,1503092
2023-12-04 14:15:00,116.0,116.1500015258789,115.8499984741211,116.0999984741211,116.0999984741211,727183
2023-12-04 14:30:00,116.1500015258789,116.25,116.05000305175781,116.19999694824219,116.19999694824219,649717
2023-12-04 14:45:00,116.30000305175781,116.30000305175781,115.80000305175781,115.8499984741211,115.8499984741211,1470459
2023-12-04 15:00:00,115.9000015258789,115.9000015258789,115.6500015258789,115.80000305175781,115.80000305175781,2217046
2023-12-04 15:15:00,115.75,116.1500015258789,115.75,115.8499984741211,115.8499984741211,2705020
2023-12-05 09:15:00,118.80000305175781,118.80000305175781,117.3499984741211,118.0,118.0,4742489
2023-12-05 09:30:00,118.0,118.55000305175781,117.44999694824219,117.69999694824219,117.69999694824219,4529074
2023-12-05 09:45:00,117.6500015258789,117.94999694824219,117.19999694824219,117.5,117.5,2049654
2023-12-05 10:00:00,117.44999694824219,117.94999694824219,117.30000305175781,117.80000305175781,117.80000305175781,1820749
2023-12-05 10:15:00,117.80000305175781,118.30000305175781,117.5999984741211,117.5999984741211,117.5999984741211,1711816
2023-12-05 10:30:00,117.5999984741211,117.75,117.4000015258789,117.5999984741211,117.5999984741211,1482167
2023-12-05 10:45:00,117.6500015258789,118.25,117.5999984741211,118.05000305175781,118.05000305175781,1739723
2023-12-05 11:00:00,118.05000305175781,118.4000015258789,117.9000015258789,118.0,118.0,1134693
2023-12-05 11:15:00,118.0,118.0,117.30000305175781,117.30000305175781,117.30000305175781,1021809
2023-12-05 11:30:00,117.3499984741211,117.3499984741211,116.44999694824219,116.55000305175781,116.55000305175781,2018909
2023-12-05 11:45:00,116.5,116.5,115.69999694824219,116.5,116.5,2400880
2023-12-05 12:00:00,116.5,117.0,116.44999694824219,116.5999984741211,116.5999984741211,2325838
2023-12-05 12:15:00,116.5999984741211,116.75,116.30000305175781,116.5,116.5,776405
2023-12-05 12:30:00,116.5,116.80000305175781,116.30000305175781,116.5,116.5,611470
2023-12-05 12:45:00,116.5,117.8499984741211,116.4000015258789,117.5999984741211,117.5999984741211,1367092
2023-12-05 13:00:00,117.5999984741211,117.94999694824219,117.5999984741211,117.69999694824219,117.69999694824219,711420
2023-12-05 13:15:00,117.6500015258789,117.75,117.0,117.3499984741211,117.3499984741211,1205140
2023-12-05 13:30:00,117.3499984741211,117.5999984741211,117.1500015258789,117.19999694824219,117.19999694824219,1038360
2023-12-05 13:45:00,117.19999694824219,117.19999694824219,116.9000015258789,117.0,117.0,903152
2023-12-05 14:00:00,117.0,117.1500015258789,116.69999694824219,116.8499984741211,116.8499984741211,746220
2023-12-05 14:15:00,116.9000015258789,117.1500015258789,116.80000305175781,117.05000305175781,117.05000305175781,1141633
2023-12-05 14:30:00,117.0999984741211,117.5,117.0,117.19999694824219,117.19999694824219,998383
2023-12-05 14:45:00,117.19999694824219,117.3499984741211,117.05000305175781,117.19999694824219,117.19999694824219,733202
2023-12-05 15:00:00,117.25,117.69999694824219,117.1500015258789,117.6500015258789,117.6500015258789,1825879
2023-12-05 15:15:00,117.5999984741211,118.0,117.5999984741211,117.5999984741211,117.5999984741211,2820098
2023-12-06 09:15:00,118.69999694824219,119.94999694824219,118.44999694824219,119.0,119.0,2798329
2023-12-06 09:30:00,119.0,119.0,118.30000305175781,118.69999694824219,118.69999694824219,2244880
2023-12-06 09:45:00,118.6500015258789,119.19999694824219,118.6500015258789,118.9000015258789,118.9000015258789,2098756
2023-12-06 10:00:00,118.8499984741211,118.9000015258789,118.55000305175781,118.6500015258789,118.6500015258789,994450
2023-12-06 10:15:00,118.69999694824219,118.94999694824219,118.55000305175781,118.75,118.75,992465
2023-12-06 10:30:00,118.80000305175781,118.94999694824219,118.6500015258789,118.9000015258789,118.9000015258789,801342
2023-12-06 10:45:00,118.8499984741211,119.25,118.8499984741211,119.1500015258789,119.1500015258789,1238879
2023-12-06 11:00:00,119.19999694824219,119.5,119.0999984741211,119.1500015258789,119.1500015258789,975873
2023-12-06 11:15:00,119.1500015258789,119.25,118.05000305175781,118.19999694824219,118.19999694824219,1984561
2023-12-06 11:30:00,118.25,118.5,118.25,118.44999694824219,118.44999694824219,487536
2023-12-06 11:45:00,118.4000015258789,118.5,118.1500015258789,118.30000305175781,118.30000305175781,561238
2023-12-06 12:00:00,118.25,118.3499984741211,118.05000305175781,118.0999984741211,118.0999984741211,778004
2023-12-06 12:15:00,118.1500015258789,118.1500015258789,117.80000305175781,118.0,118.0,1032221
2023-12-06 12:30:00,118.0,118.0999984741211,117.75,118.0,118.0,507104
2023-12-06 12:45:00,118.05000305175781,118.4000015258789,118.0,118.3499984741211,118.3499984741211,342505
2023-12-06 13:00:00,118.4000015258789,118.4000015258789,117.8499984741211,117.8499984741211,117.8499984741211,590317
2023-12-06 13:15:00,117.9000015258789,118.0,117.44999694824219,117.55000305175781,117.55000305175781,899169
2023-12-06 13:30:00,117.5,117.9000015258789,117.5,117.9000015258789,117.9000015258789,484433
2023-12-06 13:45:00,117.9000015258789,118.55000305175781,117.9000015258789,118.55000305175781,118.55000305175781,997566
2023-12-06 14:00:00,118.55000305175781,118.9000015258789,118.5,118.69999694824219,118.69999694824219,891232
2023-12-06 14:15:00,118.69999694824219,119.1500015258789,118.6500015258789,118.9000015258789,118.9000015258789,1113572
2023-12-06 14:30:00,118.9000015258789,119.25,118.9000015258789,119.05000305175781,119.05000305175781,1016545
2023-12-06 14:45:00,119.05000305175781,119.25,119.05000305175781,119.1500015258789,119.1500015258789,723756
2023-12-06 15:00:00,119.1500015258789,119.4000015258789,119.0,119.30000305175781,119.30000305175781,1500169
2023-12-06 15:15:00,119.30000305175781,119.5,119.30000305175781,119.4000015258789,119.4000015258789,2348126
2023-12-07 09:15:00,120.25,121.80000305175781,119.80000305175781,120.0,120.0,2537790
2023-12-07 09:30:00,120.0,120.30000305175781,119.5999984741211,120.30000305175781,120.30000305175781,1444201
2023-12-07 09:45:00,120.3499984741211,120.5,120.05000305175781,120.0999984741211,120.0999984741211,867973
2023-12-07 10:00:00,120.1500015258789,121.25,120.0,121.1500015258789,121.1500015258789,1499079
2023-12-07 10:15:00,121.0999984741211,121.4000015258789,120.80000305175781,120.94999694824219,120.94999694824219,1851136
2023-12-07 10:30:00,121.05000305175781,121.1500015258789,120.55000305175781,120.6500015258789,120.6500015258789,756367
2023-12-07 10:45:00,120.6500015258789,120.69999694824219,120.30000305175781,120.55000305175781,120.55000305175781,663592
2023-12-07 11:00:00,120.55000305175781,120.80000305175781,120.44999694824219,120.69999694824219,120.69999694824219,470005
2023-12-07 11:15:00,120.75,121.25,120.5999984741211,121.25,121.25,805926
2023-12-07 11:30:00,121.19999694824219,122.25,121.0999984741211,122.1500015258789,122.1500015258789,3950679
2023-12-07 11:45:00,122.0999984741211,122.3499984741211,121.8499984741211,122.30000305175781,122.30000305175781,4973762
2023-12-07 12:00:00,122.25,122.5,122.19999694824219,122.25,122.25,1553742
2023-12-07 12:15:00,122.19999694824219,122.25,121.75,121.80000305175781,121.80000305175781,858534
2023-12-07 12:30:00,121.8499984741211,122.19999694824219,121.5,121.55000305175781,121.55000305175781,1391341
2023-12-07 12:45:00,121.6500015258789,121.80000305175781,121.0,121.30000305175781,121.30000305175781,1337351
2023-12-07 13:00:00,121.30000305175781,121.5,121.1500015258789,121.19999694824219,121.19999694824219,750005
2023-12-07 13:15:00,121.19999694824219,121.4000015258789,121.0999984741211,121.3499984741211,121.3499984741211,1762525
2023-12-07 13:30:00,121.3499984741211,121.4000015258789,121.05000305175781,121.0999984741211,121.0999984741211,382743
2023-12-07 13:45:00,121.05000305175781,121.0999984741211,120.8499984741211,120.94999694824219,120.94999694824219,681801
2023-12-07 14:00:00,120.94999694824219,121.0,120.8499984741211,120.94999694824219,120.94999694824219,463104
2023-12-07 14:15:00,120.94999694824219,121.5999984741211,120.94999694824219,121.55000305175781,121.55000305175781,663352
2023-12-07 14:30:00,121.44999694824219,121.75,121.19999694824219,121.3499984741211,121.3499984741211,1147277
2023-12-07 14:45:00,121.3499984741211,121.44999694824219,121.25,121.3499984741211,121.3499984741211,899297
2023-12-07 15:00:00,121.3499984741211,121.44999694824219,121.25,121.3499984741211,121.3499984741211,1497482
2023-12-07 15:15:00,121.3499984741211,121.5,121.25,121.5,121.5,1785641
2023-12-08 09:15:00,122.1500015258789,122.4000015258789,121.25,121.9000015258789,121.9000015258789,1585429
2023-12-08 09:30:00,121.8499984741211,121.8499984741211,121.44999694824219,121.5999984741211,121.5999984741211,906283
2023-12-08 09:45:00,121.5999984741211,121.69999694824219,120.9000015258789,120.94999694824219,120.94999694824219,1115329
2023-12-08 10:00:00,120.94999694824219,121.1500015258789,120.69999694824219,121.05000305175781,121.05000305175781,786933
2023-12-08 10:15:00,121.05000305175781,121.05000305175781,120.6500015258789,121.0,121.0,884702
2023-12-08 10:30:00,121.0,121.0999984741211,120.80000305175781,120.8499984741211,120.8499984741211,855690
2023-12-08 10:45:00,120.9000015258789,120.9000015258789,120.25,120.25,120.25,887313
2023-12-08 11:00:00,120.30000305175781,120.30000305175781,119.80000305175781,119.9000015258789,119.9000015258789,1885039
2023-12-08 11:15:00,119.9000015258789,120.0,119.5999984741211,119.80000305175781,119.80000305175781,548015
2023-12-08 11:30:00,119.75,119.80000305175781,119.55000305175781,119.6500015258789,119.6500015258789,404509
2023-12-08 11:45:00,119.6500015258789,119.75,119.30000305175781,119.55000305175781,119.55000305175781,702025
2023-12-08 12:00:00,119.55000305175781,119.6500015258789,119.30000305175781,119.6500015258789,119.6500015258789,286456
2023-12-08 12:15:00,119.6500015258789,119.6500015258789,119.19999694824219,119.3499984741211,119.3499984741211,339326
2023-12-08 12:30:00,119.30000305175781,119.4000015258789,118.9000015258789,119.1500015258789,119.1500015258789,646352
2023-12-08 12:45:00,119.1500015258789,119.30000305175781,118.80000305175781,119.0999984741211,119.0999984741211,660735
2023-12-08 13:00:00,119.05000305175781,119.05000305175781,118.4000015258789,118.75,118.75,771852
2023-12-08 13:15:00,118.75,118.8499984741211,118.5,118.5,118.5,266845
2023-12-08 13:30:00,118.5,118.5999984741211,117.5,117.5,117.5,1189915
2023-12-08 13:45:00,117.4000015258789,118.44999694824219,117.4000015258789,118.4000015258789,118.4000015258789,890950
2023-12-08 14:00:00,118.44999694824219,119.0,118.3499984741211,118.6500015258789,118.6500015258789,701510
2023-12-08 14:15:00,118.6500015258789,118.69999694824219,118.3499984741211,118.5999984741211,118.5999984741211,425714
2023-12-08 14:30:00,118.5999984741211,119.19999694824219,118.55000305175781,119.1500015258789,119.1500015258789,568675
2023-12-08 14:45:00,119.0999984741211,119.19999694824219,119.0,119.0999984741211,119.0999984741211,503369
2023-12-08 15:00:00,119.1500015258789,119.1500015258789,118.75,118.8499984741211,118.8499984741211,995436
2023-12-08 15:15:00,118.8499984741211,118.9000015258789,118.6500015258789,118.80000305175781,118.80000305175781,1608075
2023-12-11 09:15:00,119.69999694824219,119.80000305175781,118.9000015258789,119.1500015258789,119.1500015258789,913357
2023-12-11 09:30:00,119.0999984741211,120.25,119.0999984741211,119.80000305175781,119.80000305175781,1823364
2023-12-11 09:45:00,119.80000305175781,120.0999984741211,119.69999694824219,120.0,120.0,489482
2023-12-11 10:00:00,120.0999984741211,120.69999694824219,119.80000305175781,120.55000305175781,120.55000305175781,1356929
2023-12-11 10:15:00,120.5999984741211,120.69999694824219,120.19999694824219,120.44999694824219,120.44999694824219,682220
2023-12-11 10:30:00,120.44999694824219,121.0,120.05000305175781,120.19999694824219,120.19999694824219,973355
2023-12-11 10:45:00,120.1500015258789,120.4000015258789,120.05000305175781,120.19999694824219,120.19999694824219,460427
2023-12-11 11:00:00,120.25,120.44999694824219,120.0999984741211,120.0999984741211,120.0999984741211,329381
2023-12-11 11:15:00,120.0999984741211,120.19999694824219,119.9000015258789,120.0,120.0,393467
2023-12-11 11:30:00,120.05000305175781,120.05000305175781,119.25,119.3499984741211,119.3499984741211,1002311
2023-12-11 11:45:00,119.3499984741211,119.75,119.25,119.69999694824219,119.69999694824219,470836
2023-12-11 12:00:00,119.69999694824219,119.80000305175781,119.3499984741211,119.5,119.5,826536
2023-12-11 12:15:00,119.5,119.5,118.9000015258789,118.94999694824219,118.94999694824219,1024305
2023-12-11 12:30:00,118.80000305175781,119.0,117.5999984741211,118.3499984741211,118.3499984741211,2823981
2023-12-11 12:45:00,118.3499984741211,118.4000015258789,117.25,117.9000015258789,117.9000015258789,1655184
2023-12-11 13:00:00,117.8499984741211,117.9000015258789,117.19999694824219,117.5,117.5,1538249
2023-12-11 13:15:00,117.5,117.5,116.5999984741211,117.0999984741211,117.0999984741211,1787423
2023-12-11 13:30:00,117.0999984741211,117.1500015258789,116.69999694824219,116.80000305175781,116.80000305175781,1235578
2023-12-11 13:45:00,116.80000305175781,117.19999694824219,116.5999984741211,117.0999984741211,117.0999984741211,1066461
2023-12-11 14:00:00,117.0999984741211,118.05000305175781,117.05000305175781,117.55000305175781,117.55000305175781,1302633
2023-12-11 14:15:00,117.55000305175781,117.5999984741211,116.8499984741211,116.94999694824219,116.94999694824219,902327
2023-12-11 14:30:00,116.94999694824219,117.55000305175781,116.8499984741211,117.3499984741211,117.3499984741211,901530
2023-12-11 14:45:00,117.3499984741211,117.4000015258789,117.05000305175781,117.19999694824219,117.19999694824219,813845
2023-12-11 15:00:00,117.25,117.69999694824219,117.19999694824219,117.5999984741211,117.5999984741211,1514582
2023-12-11 15:15:00,117.5999984741211,117.80000305175781,117.3499984741211,117.5,117.5,1755424
2023-12-12 09:15:00,117.94999694824219,118.5,117.75,118.1500015258789,118.1500015258789,1119907
2023-12-12 09:30:00,118.1500015258789,118.5,117.80000305175781,118.4000015258789,118.4000015258789,1181108
2023-12-12 09:45:00,118.4000015258789,118.9000015258789,118.30000305175781,118.44999694824219,118.44999694824219,893955
2023-12-12 10:00:00,118.44999694824219,118.8499984741211,118.0999984741211,118.1500015258789,118.1500015258789,903214
2023-12-12 10:15:00,118.1500015258789,118.19999694824219,117.30000305175781,117.8499984741211,117.8499984741211,1446299
2023-12-12 10:30:00,117.55000305175781,117.55000305175781,117.30000305175781,117.5,117.5,1083603
2023-12-12 10:45:00,117.5,117.9000015258789,117.44999694824219,117.69999694824219,117.69999694824219,431513
2023-12-12 11:00:00,117.69999694824219,118.0,117.6500015258789,117.9000015258789,117.9000015258789,372100
2023-12-12 11:15:00,117.9000015258789,118.0,117.75,117.9000015258789,117.9000015258789,297834
2023-12-12 11:30:00,117.9000015258789,118.25,117.75,118.25,118.25,263513
2023-12-12 11:45:00,118.25,118.44999694824219,118.0,118.1500015258789,118.1500015258789,421770
2023-12-12 12:00:00,118.19999694824219,118.25,118.05000305175781,118.1500015258789,118.1500015258789,222595
2023-12-12 12:15:00,118.05000305175781,118.19999694824219,117.8499984741211,117.8499984741211,117.8499984741211,257794
2023-12-12 12:30:00,117.9000015258789,118.05000305175781,117.69999694824219,117.9000015258789,117.9000015258789,274382
2023-12-12 12:45:00,117.9000015258789,117.9000015258789,117.5,117.69999694824219,117.69999694824219,370039
2023-12-12 13:00:00,117.69999694824219,118.0,117.6500015258789,117.94999694824219,117.94999694824219,239249
2023-12-12 13:15:00,117.94999694824219,118.0999984741211,117.9000015258789,118.05000305175781,118.05000305175781,259056
2023-12-12 13:30:00,118.05000305175781,118.05000305175781,117.69999694824219,117.69999694824219,117.69999694824219,177730
2023-12-12 13:45:00,117.80000305175781,117.94999694824219,117.6500015258789,117.8499984741211,117.8499984741211,192220
2023-12-12 14:00:00,117.8499984741211,118.0999984741211,117.75,117.80000305175781,117.80000305175781,779509
2023-12-12 14:15:00,117.80000305175781,117.9000015258789,117.55000305175781,117.5999984741211,117.5999984741211,472952
2023-12-12 14:30:00,117.6500015258789,117.75,117.0,117.0,117.0,773972
2023-12-12 14:45:00,117.05000305175781,117.25,116.9000015258789,117.1500015258789,117.1500015258789,677941
2023-12-12 15:00:00,117.19999694824219,117.6500015258789,117.19999694824219,117.6500015258789,117.6500015258789,641817
2023-12-12 15:15:00,117.5999984741211,117.80000305175781,117.44999694824219,117.5,117.5,1162193
2023-12-13 09:15:00,118.5,119.30000305175781,118.5,118.94999694824219,118.94999694824219,1515726
2023-12-13 09:30:00,118.94999694824219,119.69999694824219,118.5999984741211,119.69999694824219,119.69999694824219,1354820
2023-12-13 09:45:00,119.6500015258789,119.6500015258789,118.44999694824219,118.5999984741211,118.5999984741211,1828705
2023-12-13 10:00:00,118.5999984741211,118.9000015258789,118.5,118.75,118.75,747620
2023-12-13 10:15:00,118.80000305175781,119.1500015258789,118.5999984741211,118.8499984741211,118.8499984741211,485461
2023-12-13 10:30:00,118.9000015258789,118.9000015258789,118.55000305175781,118.6500015258789,118.6500015258789,310733
2023-12-13 10:45:00,118.6500015258789,119.0,118.6500015258789,119.0,119.0,374724
2023-12-13 11:00:00,118.94999694824219,119.0,118.80000305175781,118.94999694824219,118.94999694824219,310024
2023-12-13 11:15:00,118.9000015258789,119.0,118.69999694824219,118.69999694824219,118.69999694824219,224069
2023-12-13 11:30:00,118.75,118.75,118.5,118.5999984741211,118.5999984741211,275584
2023-12-13 11:45:00,118.5999984741211,118.5999984741211,118.19999694824219,118.25,118.25,1193575
2023-12-13 12:00:00,118.30000305175781,118.5,118.30000305175781,118.44999694824219,118.44999694824219,295167
2023-12-13 12:15:00,118.44999694824219,118.55000305175781,118.25,118.5,118.5,827500
2023-12-13 12:30:00,118.55000305175781,118.75,118.19999694824219,118.4000015258789,118.4000015258789,1008779
2023-12-13 12:45:00,118.4000015258789,118.5999984741211,118.05000305175781,118.25,118.25,823776
2023-12-13 13:00:00,118.19999694824219,118.3499984741211,118.0999984741211,118.25,118.25,382544
2023-12-13 13:15:00,118.25,118.44999694824219,118.25,118.3499984741211,118.3499984741211,206074
2023-12-13 13:30:00,118.30000305175781,119.1500015258789,118.30000305175781,119.1500015258789,119.1500015258789,1151257
2023-12-13 13:45:00,119.1500015258789,119.19999694824219,118.80000305175781,118.9000015258789,118.9000015258789,1338577
2023-12-13 14:00:00,118.94999694824219,119.0999984741211,118.75,118.8499984741211,118.8499984741211,657430
2023-12-13 14:15:00,118.8499984741211,118.9000015258789,118.55000305175781,118.69999694824219,118.69999694824219,504320
2023-12-13 14:30:00,118.69999694824219,119.30000305175781,118.69999694824219,119.30000305175781,119.30000305175781,1598648
2023-12-13 14:45:00,119.25,119.69999694824219,119.25,119.5,119.5,1723211
2023-12-13 15:00:00,119.5,119.69999694824219,119.4000015258789,119.5999984741211,119.5999984741211,1534687
2023-12-13 15:15:00,119.5999984741211,119.8499984741211,119.55000305175781,119.6500015258789,119.6500015258789,1780708
2023-12-14 09:15:00,120.30000305175781,120.5,119.5999984741211,119.9000015258789,119.9000015258789,2257590
2023-12-14 09:30:00,119.94999694824219,120.4000015258789,119.9000015258789,120.25,120.25,1562168
2023-12-14 09:45:00,120.30000305175781,120.3499984741211,119.75,119.80000305175781,119.80000305175781,700348
2023-12-14 10:00:00,119.9000015258789,120.19999694824219,119.80000305175781,119.9000015258789,119.9000015258789,563925
2023-12-14 10:15:00,119.9000015258789,119.9000015258789,119.4000015258789,119.75,119.75,738469
2023-12-14 10:30:00,119.75,120.19999694824219,119.69999694824219,119.9000015258789,119.9000015258789,937347
2023-12-14 10:45:00,119.8499984741211,119.94999694824219,119.3499984741211,119.4000015258789,119.4000015258789,491281
2023-12-14 11:00:00,119.44999694824219,119.6500015258789,119.44999694824219,119.55000305175781,119.55000305175781,860319
2023-12-14 11:15:00,119.55000305175781,119.80000305175781,119.55000305175781,119.75,119.75,496826
2023-12-14 11:30:00,119.75,119.75,119.5,119.6500015258789,119.6500015258789,478068
2023-12-14 11:45:00,119.5999984741211,119.69999694824219,119.5,119.55000305175781,119.55000305175781,188811
2023-12-14 12:00:00,119.6500015258789,119.69999694824219,119.55000305175781,119.69999694824219,119.69999694824219,165663
2023-12-14 12:15:00,119.5999984741211,119.69999694824219,119.5,119.55000305175781,119.55000305175781,244123
2023-12-14 12:30:00,119.5999984741211,119.75,119.5,119.75,119.75,303183
2023-12-14 12:45:00,119.75,119.94999694824219,119.69999694824219,119.80000305175781,119.80000305175781,397971
2023-12-14 13:00:00,119.9000015258789,119.94999694824219,119.75,119.9000015258789,119.9000015258789,202570
2023-12-14 13:15:00,119.9000015258789,120.0999984741211,119.8499984741211,120.0999984741211,120.0999984741211,571977
2023-12-14 13:30:00,120.0,120.0999984741211,119.5,119.6500015258789,119.6500015258789,830765
2023-12-14 13:45:00,119.6500015258789,119.6500015258789,119.5,119.6500015258789,119.6500015258789,502276
2023-12-14 14:00:00,119.6500015258789,120.05000305175781,119.55000305175781,119.69999694824219,119.69999694824219,1916577
2023-12-14 14:15:00,119.69999694824219,119.75,119.4000015258789,119.6500015258789,119.6500015258789,790067
2023-12-14 14:30:00,119.5999984741211,119.9000015258789,119.5999984741211,119.9000015258789,119.9000015258789,350995
2023-12-14 14:45:00,119.94999694824219,120.1500015258789,119.8499984741211,119.94999694824219,119.94999694824219,800304
2023-12-14 15:00:00,119.9000015258789,120.19999694824219,119.75,120.0999984741211,120.0999984741211,1240099
2023-12-14 15:15:00,120.0999984741211,120.19999694824219,119.8499984741211,120.0,120.0,1112028
2023-12-15 09:15:00,120.1500015258789,120.5999984741211,119.6500015258789,120.30000305175781,120.30000305175781,1083721
2023-12-15 09:30:00,120.4000015258789,121.75,120.4000015258789,121.75,121.75,3532819
2023-12-15 09:45:00,121.69999694824219,123.0,121.55000305175781,122.9000015258789,122.9000015258789,5415859
2023-12-15 10:00:00,122.8499984741211,122.8499984741211,122.30000305175781,122.3499984741211,122.3499984741211,1825263
2023-12-15 10:15:00,122.5999984741211,122.75,122.5,122.69999694824219,122.69999694824219,1308429
2023-12-15 10:30:00,122.69999694824219,122.75,122.4000015258789,122.44999694824219,122.44999694824219,731151
2023-12-15 10:45:00,122.5,122.5,121.44999694824219,121.75,121.75,1752757
2023-12-15 11:00:00,121.75,122.0,121.5999984741211,121.94999694824219,121.94999694824219,553700
2023-12-15 11:15:00,122.0,122.80000305175781,121.80000305175781,122.5999984741211,122.5999984741211,1043960
2023-12-15 11:30:00,122.5999984741211,122.6500015258789,121.80000305175781,121.94999694824219,121.94999694824219,1206410
2023-12-15 11:45:00,122.0,122.0,121.75,122.0,122.0,413392
2023-12-15 12:00:00,122.05000305175781,122.30000305175781,121.8499984741211,121.94999694824219,121.94999694824219,1166479
2023-12-15 12:15:00,122.0,122.4000015258789,121.9000015258789,122.4000015258789,122.4000015258789,473560
2023-12-15 12:30:00,122.4000015258789,122.44999694824219,122.30000305175781,122.3499984741211,122.3499984741211,283241
2023-12-15 12:45:00,122.3499984741211,122.3499984741211,122.1500015258789,122.25,122.25,301002
2023-12-15 13:00:00,122.3499984741211,122.3499984741211,122.1500015258789,122.19999694824219,122.19999694824219,148123
2023-12-15 13:15:00,122.19999694824219,122.4000015258789,122.0999984741211,122.1500015258789,122.1500015258789,389640
2023-12-15 13:30:00,122.1500015258789,122.5999984741211,122.0999984741211,122.55000305175781,122.55000305175781,470694
2023-12-15 13:45:00,122.55000305175781,122.5999984741211,122.4000015258789,122.44999694824219,122.44999694824219,505447
2023-12-15 14:00:00,122.44999694824219,123.4000015258789,122.44999694824219,123.1500015258789,123.1500015258789,2737458
2023-12-15 14:15:00,123.1500015258789,124.75,123.05000305175781,124.69999694824219,124.69999694824219,4767068
2023-12-15 14:30:00,124.75,124.94999694824219,124.4000015258789,124.4000015258789,124.4000015258789,2413803
2023-12-15 14:45:00,124.44999694824219,124.55000305175781,123.9000015258789,124.0,124.0,1816870
2023-12-15 15:00:00,124.0999984741211,124.0999984741211,123.69999694824219,123.8499984741211,123.8499984741211,3580506
2023-12-15 15:15:00,123.80000305175781,123.94999694824219,123.55000305175781,123.8499984741211,123.8499984741211,4536657
2023-12-18 09:15:00,124.44999694824219,124.8499984741211,123.19999694824219,124.8499984741211,124.8499984741211,1631039
2023-12-18 09:30:00,124.80000305175781,124.80000305175781,124.30000305175781,124.75,124.75,1983976
2023-12-18 09:45:00,124.80000305175781,125.19999694824219,124.6500015258789,124.9000015258789,124.9000015258789,1554648
2023-12-18 10:00:00,124.94999694824219,125.0,124.69999694824219,124.69999694824219,124.69999694824219,589831
2023-12-18 10:15:00,124.75,125.6500015258789,124.5999984741211,125.5999984741211,125.5999984741211,1895337
2023-12-18 10:30:00,125.5999984741211,125.80000305175781,125.1500015258789,125.5,125.5,1178540
2023-12-18 10:45:00,125.4000015258789,125.5,125.0,125.0999984741211,125.0999984741211,604367
2023-12-18 11:00:00,125.0999984741211,125.3499984741211,125.0,125.30000305175781,125.30000305175781,460824
2023-12-18 11:15:00,125.3499984741211,125.5999984741211,125.30000305175781,125.55000305175781,125.55000305175781,410888
2023-12-18 11:30:00,125.55000305175781,125.5999984741211,125.1500015258789,125.25,125.25,1136009
2023-12-18 11:45:00,125.19999694824219,125.30000305175781,125.05000305175781,125.1500015258789,125.1500015258789,420659
2023-12-18 12:00:00,125.1500015258789,125.30000305175781,125.0,125.25,125.25,302748
2023-12-18 12:15:00,125.19999694824219,125.4000015258789,124.9000015258789,124.94999694824219,124.94999694824219,516647
2023-12-18 12:30:00,124.9000015258789,124.94999694824219,124.5999984741211,124.69999694824219,124.69999694824219,281207
2023-12-18 12:45:00,124.75,124.80000305175781,124.5,124.6500015258789,124.6500015258789,329361
2023-12-18 13:00:00,124.75,124.75,124.19999694824219,124.30000305175781,124.30000305175781,448620
2023-12-18 13:15:00,124.3499984741211,124.5999984741211,124.30000305175781,124.5999984741211,124.5999984741211,296260
2023-12-18 13:30:00,124.5,124.5999984741211,124.19999694824219,124.55000305175781,124.55000305175781,250074
2023-12-18 13:45:00,124.55000305175781,124.69999694824219,124.4000015258789,124.5999984741211,124.5999984741211,359446
2023-12-18 14:00:00,124.5999984741211,124.69999694824219,124.4000015258789,124.55000305175781,124.55000305175781,222814
2023-12-18 14:15:00,124.55000305175781,124.55000305175781,124.3499984741211,124.44999694824219,124.44999694824219,174506
2023-12-18 14:30:00,124.5,124.5999984741211,124.30000305175781,124.30000305175781,124.30000305175781,368325
2023-12-18 14:45:00,124.30000305175781,124.5999984741211,124.25,124.5,124.5,472032
2023-12-18 15:00:00,124.55000305175781,124.55000305175781,124.30000305175781,124.30000305175781,124.30000305175781,947239
2023-12-18 15:15:00,124.3499984741211,124.44999694824219,124.05000305175781,124.3499984741211,124.3499984741211,1152829
2023-12-19 09:15:00,124.94999694824219,125.5,124.55000305175781,124.75,124.75,1104896
2023-12-19 09:30:00,124.80000305175781,125.25,124.75,125.05000305175781,125.05000305175781,2302440
2023-12-19 09:45:00,125.05000305175781,125.94999694824219,125.05000305175781,125.6500015258789,125.6500015258789,2392307
2023-12-19 10:00:00,125.6500015258789,125.9000015258789,124.19999694824219,124.55000305175781,124.55000305175781,2588978
2023-12-19 10:15:00,124.5,125.0999984741211,124.4000015258789,125.0,125.0,930144
2023-12-19 10:30:00,125.0,125.30000305175781,124.9000015258789,125.30000305175781,125.30000305175781,442250
2023-12-19 10:45:00,125.25,125.69999694824219,125.25,125.30000305175781,125.30000305175781,1333552
2023-12-19 11:00:00,125.3499984741211,125.55000305175781,125.30000305175781,125.4000015258789,125.4000015258789,475948
2023-12-19 11:15:00,125.4000015258789,125.6500015258789,125.3499984741211,125.55000305175781,125.55000305175781,468657
2023-12-19 11:30:00,125.55000305175781,125.9000015258789,124.9000015258789,125.3499984741211,125.3499984741211,1979261
2023-12-19 11:45:00,125.3499984741211,125.5,124.94999694824219,125.05000305175781,125.05000305175781,656732
2023-12-19 12:00:00,125.0999984741211,125.19999694824219,124.8499984741211,125.0999984741211,125.0999984741211,262095
2023-12-19 12:15:00,125.0999984741211,125.3499984741211,125.05000305175781,125.30000305175781,125.30000305175781,243985
2023-12-19 12:30:00,125.30000305175781,125.44999694824219,125.19999694824219,125.25,125.25,266017
2023-12-19 12:45:00,125.19999694824219,125.4000015258789,125.1500015258789,125.25,125.25,275971
2023-12-19 13:00:00,125.19999694824219,125.30000305175781,125.0,125.1500015258789,125.1500015258789,324919
2023-12-19 13:15:00,125.1500015258789,125.19999694824219,124.9000015258789,125.1500015258789,125.1500015258789,274234
2023-12-19 13:30:00,125.19999694824219,125.19999694824219,125.0,125.1500015258789,125.1500015258789,228257
2023-12-19 13:45:00,125.19999694824219,125.25,125.1500015258789,125.25,125.25,283474
2023-12-19 14:00:00,125.25,125.3499984741211,125.05000305175781,125.3499984741211,125.3499984741211,248579
2023-12-19 14:15:00,125.3499984741211,125.44999694824219,125.25,125.30000305175781,125.30000305175781,312480
2023-12-19 14:30:00,125.3499984741211,125.5,125.25,125.3499984741211,125.3499984741211,298531
2023-12-19 14:45:00,125.3499984741211,125.3499984741211,124.3499984741211,124.3499984741211,124.3499984741211,912875
2023-12-19 15:00:00,124.3499984741211,124.94999694824219,124.25,124.80000305175781,124.80000305175781,788900
2023-12-19 15:15:00,124.80000305175781,124.9000015258789,124.55000305175781,124.69999694824219,124.69999694824219,1264490
2023-12-20 09:15:00,125.5,125.5999984741211,125.0,125.44999694824219,125.44999694824219,956410
2023-12-20 09:30:00,125.4000015258789,125.44999694824219,124.9000015258789,125.0,125.0,932390
2023-12-20 09:45:00,124.94999694824219,125.19999694824219,124.75,125.1500015258789,125.1500015258789,722399
2023-12-20 10:00:00,125.1500015258789,125.19999694824219,124.5999984741211,124.94999694824219,124.94999694824219,1263019
2023-12-20 10:15:00,124.9000015258789,125.19999694824219,124.80000305175781,125.0999984741211,125.0999984741211,740695
2023-12-20 10:30:00,125.0999984741211,125.4000015258789,125.05000305175781,125.0999984741211,125.0999984741211,600021
2023-12-20 10:45:00,125.0999984741211,125.3499984741211,125.0,125.0999984741211,125.0999984741211,507620
2023-12-20 11:00:00,125.0999984741211,126.4000015258789,125.05000305175781,125.8499984741211,125.8499984741211,2003430
2023-12-20 11:15:00,125.8499984741211,126.30000305175781,125.80000305175781,125.80000305175781,125.80000305175781,1286734
2023-12-20 11:30:00,125.80000305175781,126.0,125.4000015258789,125.4000015258789,125.4000015258789,1191152
2023-12-20 11:45:00,125.44999694824219,125.5,125.0,125.44999694824219,125.44999694824219,767978
2023-12-20 12:00:00,125.44999694824219,125.6500015258789,125.30000305175781,125.55000305175781,125.55000305175781,342390
2023-12-20 12:15:00,125.55000305175781,125.55000305175781,125.0,125.05000305175781,125.05000305175781,661441
2023-12-20 12:30:00,125.0999984741211,125.25,124.80000305175781,124.8499984741211,124.8499984741211,486218
2023-12-20 12:45:00,124.8499984741211,124.94999694824219,124.69999694824219,124.80000305175781,124.80000305175781,414598
2023-12-20 13:00:00,124.9000015258789,125.0,124.30000305175781,124.3499984741211,124.3499984741211,853478
2023-12-20 13:15:00,124.3499984741211,124.4000015258789,122.94999694824219,123.0999984741211,123.0999984741211,1569250
2023-12-20 13:30:00,122.94999694824219,123.1500015258789,121.3499984741211,122.8499984741211,122.8499984741211,2051475
2023-12-20 13:45:00,122.8499984741211,123.0999984741211,121.5999984741211,122.0999984741211,122.0999984741211,1235880
2023-12-20 14:00:00,122.25,122.30000305175781,120.9000015258789,121.44999694824219,121.44999694824219,1366376
2023-12-20 14:15:00,121.30000305175781,122.5,121.05000305175781,122.30000305175781,122.30000305175781,1551357
2023-12-20 14:30:00,122.30000305175781,122.44999694824219,121.19999694824219,121.30000305175781,121.30000305175781,722372
2023-12-20 14:45:00,121.3499984741211,121.69999694824219,120.94999694824219,121.5,121.5,1090530
2023-12-20 15:00:00,121.5,121.5,119.94999694824219,119.94999694824219,119.94999694824219,1884913
2023-12-20 15:15:00,119.9000015258789,119.94999694824219,119.0,119.8499984741211,119.8499984741211,1637535
2023-12-21 09:15:00,118.0,120.25,117.5999984741211,120.0999984741211,120.0999984741211,1459322
2023-12-21 09:30:00,120.0,120.4000015258789,119.5,120.3499984741211,120.3499984741211,1226728
2023-12-21 09:45:00,120.25,121.30000305175781,120.25,121.0,121.0,1107394
2023-12-21 10:00:00,121.05000305175781,121.94999694824219,120.9000015258789,121.69999694824219,121.69999694824219,1408089
2023-12-21 10:15:00,121.75,122.44999694824219,121.5,121.69999694824219,121.69999694824219,1124669
2023-12-21 10:30:00,121.5999984741211,122.19999694824219,121.0,122.0999984741211,122.0999984741211,875460
2023-12-21 10:45:00,122.05000305175781,122.30000305175781,121.80000305175781,122.30000305175781,122.30000305175781,684750
2023-12-21 11:00:00,122.30000305175781,122.5999984741211,121.9000015258789,122.19999694824219,122.19999694824219,609935
2023-12-21 11:15:00,122.25,122.25,121.5,121.6500015258789,121.6500015258789,384178
2023-12-21 11:30:00,121.6500015258789,122.1500015258789,121.5999984741211,121.9000015258789,121.9000015258789,231610
2023-12-21 11:45:00,121.9000015258789,122.4000015258789,121.9000015258789,122.25,122.25,337203
2023-12-21 12:00:00,122.3499984741211,122.3499984741211,122.05000305175781,122.25,122.25,400782
2023-12-21 12:15:00,122.25,122.94999694824219,122.25,122.8499984741211,122.8499984741211,627245
2023-12-21 12:30:00,122.9000015258789,123.30000305175781,122.69999694824219,123.0999984741211,123.0999984741211,783056
2023-12-21 12:45:00,123.0999984741211,123.3499984741211,122.9000015258789,123.0999984741211,123.0999984741211,448059
2023-12-21 13:00:00,123.19999694824219,123.25,122.69999694824219,122.94999694824219,122.94999694824219,451702
2023-12-21 13:15:00,123.0,123.25,122.8499984741211,123.25,123.25,499587
2023-12-21 13:30:00,123.30000305175781,123.69999694824219,122.9000015258789,123.25,123.25,1274324
2023-12-21 13:45:00,123.19999694824219,123.3499984741211,122.8499984741211,123.0999984741211,123.0999984741211,536991
2023-12-21 14:00:00,123.0999984741211,123.1500015258789,122.5,122.9000015258789,122.9000015258789,343185
2023-12-21 14:15:00,122.80000305175781,123.69999694824219,122.80000305175781,123.55000305175781,123.55000305175781,557561
2023-12-21 14:30:00,123.55000305175781,124.0999984741211,123.55000305175781,123.94999694824219,123.94999694824219,803138
2023-12-21 14:45:00,123.9000015258789,124.19999694824219,123.80000305175781,124.1500015258789,124.1500015258789,685770
2023-12-21 15:00:00,124.1500015258789,124.44999694824219,124.0,124.25,124.25,992433
2023-12-21 15:15:00,124.1500015258789,124.5,123.8499984741211,124.30000305175781,124.30000305175781,1508928
2023-12-22 09:15:00,124.30000305175781,124.94999694824219,123.80000305175781,123.9000015258789,123.9000015258789,975761
2023-12-22 09:30:00,123.9000015258789,124.30000305175781,123.69999694824219,124.0999984741211,124.0999984741211,634959
2023-12-22 09:45:00,124.05000305175781,124.5999984741211,124.05000305175781,124.5,124.5,426959
2023-12-22 10:00:00,124.5,124.55000305175781,124.1500015258789,124.3499984741211,124.3499984741211,310676
2023-12-22 10:15:00,124.30000305175781,124.4000015258789,123.9000015258789,124.05000305175781,124.05000305175781,311243
2023-12-22 10:30:00,124.0999984741211,124.0999984741211,123.75,123.9000015258789,123.9000015258789,237404
2023-12-22 10:45:00,123.9000015258789,124.0,123.80000305175781,124.0,124.0,212770
2023-12-22 11:00:00,124.0,124.19999694824219,123.80000305175781,123.80000305175781,123.80000305175781,818380
2023-12-22 11:15:00,123.80000305175781,124.0,123.5999984741211,123.69999694824219,123.69999694824219,505046
2023-12-22 11:30:00,123.69999694824219,123.8499984741211,123.55000305175781,123.55000305175781,123.55000305175781,384183
2023-12-22 11:45:00,123.55000305175781,123.5999984741211,123.19999694824219,123.3499984741211,123.3499984741211,416805
2023-12-22 12:00:00,123.4000015258789,123.5999984741211,123.25,123.25,123.25,350256
2023-12-22 12:15:00,123.30000305175781,123.5,123.1500015258789,123.19999694824219,123.19999694824219,333821
2023-12-22 12:30:00,123.19999694824219,123.19999694824219,122.1500015258789,122.5999984741211,122.5999984741211,1044978
2023-12-22 12:45:00,122.6500015258789,123.05000305175781,122.5999984741211,122.8499984741211,122.8499984741211,440805
2023-12-22 13:00:00,122.9000015258789,123.0999984741211,122.75,122.8499984741211,122.8499984741211,314897
2023-12-22 13:15:00,122.75,122.9000015258789,122.69999694824219,122.8499984741211,122.8499984741211,267568
2023-12-22 13:30:00,122.80000305175781,122.9000015258789,122.3499984741211,122.44999694824219,122.44999694824219,535210
2023-12-22 13:45:00,122.4000015258789,122.69999694824219,122.0999984741211,122.4000015258789,122.4000015258789,423208
2023-12-22 14:00:00,122.44999694824219,123.0,122.4000015258789,122.94999694824219,122.94999694824219,501881
2023-12-22 14:15:00,123.0,123.4000015258789,122.94999694824219,123.19999694824219,123.19999694824219,447579
2023-12-22 14:30:00,123.30000305175781,123.8499984741211,123.19999694824219,123.80000305175781,123.80000305175781,588959
2023-12-22 14:45:00,123.75,123.8499984741211,123.5,123.6500015258789,123.6500015258789,545616
2023-12-22 15:00:00,123.69999694824219,123.8499984741211,123.6500015258789,123.75,123.75,520877
2023-12-22 15:15:00,123.80000305175781,123.8499984741211,123.3499984741211,123.5999984741211,123.5999984741211,775911
2023-12-26 09:15:00,124.19999694824219,124.30000305175781,123.5999984741211,123.9000015258789,123.9000015258789,602250
2023-12-26 09:30:00,123.69999694824219,124.75,123.69999694824219,124.69999694824219,124.69999694824219,1294334
2023-12-26 09:45:00,124.75,125.3499984741211,124.6500015258789,125.05000305175781,125.05000305175781,782926
2023-12-26 10:00:00,124.94999694824219,125.19999694824219,124.75,124.94999694824219,124.94999694824219,379413
2023-12-26 10:15:00,124.94999694824219,125.69999694824219,124.80000305175781,125.30000305175781,125.30000305175781,808279
2023-12-26 10:30:00,125.4000015258789,125.5,124.94999694824219,125.25,125.25,803884
2023-12-26 10:45:00,125.25,127.25,125.1500015258789,126.94999694824219,126.94999694824219,2314787
2023-12-26 11:00:00,126.94999694824219,127.75,126.8499984741211,127.19999694824219,127.19999694824219,3299765
2023-12-26 11:15:00,127.19999694824219,127.44999694824219,126.5,126.80000305175781,126.80000305175781,1192962
2023-12-26 11:30:00,126.8499984741211,127.5,126.80000305175781,126.9000015258789,126.9000015258789,826396
2023-12-26 11:45:00,126.9000015258789,126.94999694824219,126.6500015258789,126.69999694824219,126.69999694824219,336733
2023-12-26 12:00:00,126.69999694824219,126.8499984741211,126.25,126.5,126.5,537961
2023-12-26 12:15:00,126.55000305175781,126.69999694824219,126.05000305175781,126.55000305175781,126.55000305175781,925220
2023-12-26 12:30:00,126.5999984741211,126.5999984741211,126.05000305175781,126.30000305175781,126.30000305175781,794214
2023-12-26 12:45:00,126.30000305175781,126.4000015258789,126.05000305175781,126.3499984741211,126.3499984741211,190667
2023-12-26 13:00:00,126.4000015258789,126.4000015258789,126.0,126.3499984741211,126.3499984741211,333371
2023-12-26 13:15:00,126.30000305175781,127.4000015258789,126.25,127.19999694824219,127.19999694824219,1334088
2023-12-26 13:30:00,127.25,127.75,126.94999694824219,127.5,127.5,2787917
2023-12-26 13:45:00,127.4000015258789,127.5,127.1500015258789,127.19999694824219,127.19999694824219,475521
2023-12-26 14:00:00,127.19999694824219,127.75,127.0999984741211,127.5999984741211,127.5999984741211,1076412
2023-12-26 14:15:00,127.69999694824219,128.4499969482422,127.5,127.9000015258789,127.9000015258789,3243704
2023-12-26 14:30:00,127.94999694824219,128.1999969482422,127.6500015258789,127.9000015258789,127.9000015258789,1228911
2023-12-26 14:45:00,127.94999694824219,128.3000030517578,127.80000305175781,128.10000610351562,128.10000610351562,1317254
2023-12-26 15:00:00,128.1999969482422,128.25,127.8499984741211,127.8499984741211,127.8499984741211,1459905
2023-12-26 15:15:00,127.80000305175781,128.25,127.80000305175781,128.0,128.0,1941912
2023-12-27 09:15:00,128.6999969482422,128.89999389648438,127.75,127.94999694824219,127.94999694824219,1056386
2023-12-27 09:30:00,128.0,128.4499969482422,127.6500015258789,128.1999969482422,128.1999969482422,1346903
2023-12-27 09:45:00,128.25,128.3000030517578,127.94999694824219,128.14999389648438,128.14999389648438,816090
2023-12-27 10:00:00,128.14999389648438,128.25,128.0,128.10000610351562,128.10000610351562,520238
2023-12-27 10:15:00,128.14999389648438,128.1999969482422,127.9000015258789,127.94999694824219,127.94999694824219,317315
2023-12-27 10:30:00,128.0,128.0,127.19999694824219,127.19999694824219,127.19999694824219,892009
2023-12-27 10:45:00,127.19999694824219,127.44999694824219,127.0,127.30000305175781,127.30000305175781,692281
2023-12-27 11:00:00,127.4000015258789,127.44999694824219,127.25,127.30000305175781,127.30000305175781,245869
2023-12-27 11:15:00,127.3499984741211,127.4000015258789,127.25,127.3499984741211,127.3499984741211,145562
2023-12-27 11:30:00,127.4000015258789,127.6500015258789,127.1500015258789,127.25,127.25,350132
2023-12-27 11:45:00,127.25,127.30000305175781,127.0999984741211,127.19999694824219,127.19999694824219,286331
2023-12-27 12:00:00,127.19999694824219,127.19999694824219,126.6500015258789,126.75,126.75,611143
2023-12-27 12:15:00,126.69999694824219,126.75,125.8499984741211,125.9000015258789,125.9000015258789,1153281
2023-12-27 12:30:00,125.9000015258789,126.4000015258789,125.5,126.19999694824219,126.19999694824219,833840
2023-12-27 12:45:00,126.25,126.75,126.19999694824219,126.44999694824219,126.44999694824219,492566
2023-12-27 13:00:00,126.44999694824219,126.5,126.19999694824219,126.44999694824219,126.44999694824219,202921
2023-12-27 13:15:00,126.4000015258789,126.80000305175781,126.25,126.55000305175781,126.55000305175781,542793
2023-12-27 13:30:00,126.55000305175781,126.5999984741211,126.25,126.3499984741211,126.3499984741211,464287
2023-12-27 13:45:00,126.4000015258789,126.44999694824219,126.25,126.3499984741211,126.3499984741211,163802
2023-12-27 14:00:00,126.3499984741211,126.5,126.30000305175781,126.3499984741211,126.3499984741211,187213
2023-12-27 14:15:00,126.3499984741211,126.55000305175781,126.30000305175781,126.5,126.5,293186
2023-12-27 14:30:00,126.5,126.8499984741211,126.4000015258789,126.8499984741211,126.8499984741211,284655
2023-12-27 14:45:00,126.80000305175781,126.9000015258789,126.0999984741211,126.0999984741211,126.0999984741211,952127
2023-12-27 15:00:00,126.0999984741211,126.9000015258789,126.0999984741211,126.80000305175781,126.80000305175781,1105443
2023-12-27 15:15:00,126.9000015258789,126.94999694824219,126.5999984741211,126.8499984741211,126.8499984741211,1085002
2023-12-28 09:15:00,127.19999694824219,128.0,127.19999694824219,127.6500015258789,127.6500015258789,808674
2023-12-28 09:30:00,127.6500015258789,127.75,126.8499984741211,127.3499984741211,127.3499984741211,837063
2023-12-28 09:45:00,127.3499984741211,127.3499984741211,127.05000305175781,127.0999984741211,127.0999984741211,293575
2023-12-28 10:00:00,127.0999984741211,127.25,126.55000305175781,126.9000015258789,126.9000015258789,764786
2023-12-28 10:15:00,126.9000015258789,128.0,126.8499984741211,128.0,128.0,934538
2023-12-28 10:30:00,128.0,129.14999389648438,128.0,128.39999389648438,128.39999389648438,2270658
2023-12-28 10:45:00,128.35000610351562,129.14999389648438,128.35000610351562,129.0,129.0,1675707
2023-12-28 11:00:00,129.0500030517578,129.0500030517578,128.39999389648438,128.8000030517578,128.8000030517578,903469
2023-12-28 11:15:00,128.8000030517578,131.25,128.75,131.1999969482422,131.1999969482422,4291600
2023-12-28 11:30:00,131.25,132.5500030517578,130.85000610351562,131.8000030517578,131.8000030517578,7888028
2023-12-28 11:45:00,131.6999969482422,132.1999969482422,131.0,131.10000610351562,131.10000610351562,2610405
2023-12-28 12:00:00,131.10000610351562,131.5,131.0,131.4499969482422,131.4499969482422,1095864
2023-12-28 12:15:00,131.35000610351562,131.64999389648438,131.10000610351562,131.5,131.5,862191
2023-12-28 12:30:00,131.5,131.8000030517578,131.1999969482422,131.64999389648438,131.64999389648438,585895
2023-12-28 12:45:00,131.64999389648438,132.0,131.3000030517578,131.8000030517578,131.8000030517578,1006608
2023-12-28 13:00:00,131.89999389648438,132.10000610351562,131.6999969482422,132.0500030517578,132.0500030517578,1322795
2023-12-28 13:15:00,132.0500030517578,132.39999389648438,131.89999389648438,131.89999389648438,131.89999389648438,2124222
2023-12-28 13:30:00,131.89999389648438,132.0,131.5,131.60000610351562,131.60000610351562,1383253
2023-12-28 13:45:00,131.60000610351562,131.60000610351562,131.10000610351562,131.35000610351562,131.35000610351562,952691
2023-12-28 14:00:00,131.35000610351562,132.35000610351562,131.3000030517578,131.64999389648438,131.64999389648438,1425613
2023-12-28 14:15:00,131.6999969482422,133.3000030517578,131.6999969482422,133.10000610351562,133.10000610351562,4371826
2023-12-28 14:30:00,133.10000610351562,133.5,132.39999389648438,132.6999969482422,132.6999969482422,2936803
2023-12-28 14:45:00,132.75,133.0,132.25,132.89999389648438,132.89999389648438,1930137
2023-12-28 15:00:00,132.89999389648438,133.5,132.35000610351562,133.5,133.5,4797251
2023-12-28 15:15:00,133.5,133.89999389648438,132.75,133.0,133.0,5933523
2023-12-29 09:15:00,129.0,131.4499969482422,128.64999389648438,131.35000610351562,131.35000610351562,7616834
2023-12-29 09:30:00,131.39999389648438,132.0500030517578,131.25,131.64999389648438,131.64999389648438,2410104
2023-12-29 09:45:00,131.60000610351562,131.85000610351562,130.5,130.5500030517578,130.5500030517578,2136465
2023-12-29 10:00:00,130.5,130.8000030517578,130.0500030517578,130.3000030517578,130.3000030517578,1587348
2023-12-29 10:15:00,130.39999389648438,130.75,130.1999969482422,130.5500030517578,130.5500030517578,693970
2023-12-29 10:30:00,130.5,130.85000610351562,130.1999969482422,130.35000610351562,130.35000610351562,754414
2023-12-29 10:45:00,130.39999389648438,130.75,130.39999389648438,130.5500030517578,130.5500030517578,441815
2023-12-29 11:00:00,130.60000610351562,130.60000610351562,129.89999389648438,129.89999389648438,129.89999389648438,968347
2023-12-29 11:15:00,129.85000610351562,130.4499969482422,129.85000610351562,130.0,130.0,901861
2023-12-29 11:30:00,130.0,130.10000610351562,129.6999969482422,129.8000030517578,129.8000030517578,706662
2023-12-29 11:45:00,129.8000030517578,130.14999389648438,129.6999969482422,130.0500030517578,130.0500030517578,806014
2023-12-29 12:00:00,130.0,130.1999969482422,129.9499969482422,130.10000610351562,130.10000610351562,352219
2023-12-29 12:15:00,130.10000610351562,130.1999969482422,129.89999389648438,130.0500030517578,130.0500030517578,411829
2023-12-29 12:30:00,130.0500030517578,130.1999969482422,129.89999389648438,130.0500030517578,130.0500030517578,351322
2023-12-29 12:45:00,130.0500030517578,130.14999389648438,130.0,130.0,130.0,211528
2023-12-29 13:00:00,130.0500030517578,130.10000610351562,129.75,129.89999389648438,129.89999389648438,653281
2023-12-29 13:15:00,129.89999389648438,129.89999389648438,129.25,129.25,129.25,1170855
2023-12-29 13:30:00,129.25,129.5,129.0,129.1999969482422,129.1999969482422,1094194
2023-12-29 13:45:00,129.1999969482422,129.5,129.10000610351562,129.25,129.25,825004
2023-12-29 14:00:00,129.25,129.4499969482422,129.10000610351562,129.10000610351562,129.10000610351562,508280
2023-12-29 14:15:00,129.10000610351562,129.3000030517578,128.9499969482422,129.1999969482422,129.1999969482422,1099069
2023-12-29 14:30:00,129.1999969482422,129.39999389648438,129.14999389648438,129.35000610351562,129.35000610351562,516546
2023-12-29 14:45:00,129.35000610351562,129.5,129.25,129.35000610351562,129.35000610351562,524566
2023-12-29 15:00:00,129.35000610351562,129.9499969482422,129.35000610351562,129.89999389648438,129.89999389648438,1557813
2023-12-29 15:15:00,129.8000030517578,130.0,129.6999969482422,129.9499969482422,129.9499969482422,2298743
2024-01-01 09:15:00,132.0500030517578,132.0500030517578,130.9499969482422,131.60000610351562,131.60000610351562,1118299
2024-01-01 09:30:00,131.6999969482422,132.39999389648438,131.5,131.85000610351562,131.85000610351562,2083009
2024-01-01 09:45:00,131.85000610351562,132.5,131.75,132.1999969482422,132.1999969482422,1773007
2024-01-01 10:00:00,132.14999389648438,132.14999389648438,131.60000610351562,131.9499969482422,131.9499969482422,889465
2024-01-01 10:15:00,131.9499969482422,132.0,131.60000610351562,131.8000030517578,131.8000030517578,509463
2024-01-01 10:30:00,131.89999389648438,131.89999389648438,131.39999389648438,131.60000610351562,131.60000610351562,558602
2024-01-01 10:45:00,131.60000610351562,131.9499969482422,131.5,131.85000610351562,131.85000610351562,624706
2024-01-01 11:00:00,131.85000610351562,132.0,131.6999969482422,131.85000610351562,131.85000610351562,390760
2024-01-01 11:15:00,131.8000030517578,131.89999389648438,131.64999389648438,131.85000610351562,131.85000610351562,342125
2024-01-01 11:30:00,131.8000030517578,131.9499969482422,131.1999969482422,131.5,131.5,775410
2024-01-01 11:45:00,131.4499969482422,131.6999969482422,131.4499969482422,131.60000610351562,131.60000610351562,457508
2024-01-01 12:00:00,131.60000610351562,131.64999389648438,131.3000030517578,131.35000610351562,131.35000610351562,282521
2024-01-01 12:15:00,131.39999389648438,131.39999389648438,130.9499969482422,131.10000610351562,131.10000610351562,825815
2024-01-01 12:30:00,131.0500030517578,131.25,131.0,131.14999389648438,131.14999389648438,278853
2024-01-01 12:45:00,131.10000610351562,131.1999969482422,130.6999969482422,130.6999969482422,130.6999969482422,492783
2024-01-01 13:00:00,130.75,131.0,130.6999969482422,130.85000610351562,130.85000610351562,330202
2024-01-01 13:15:00,130.89999389648438,131.1999969482422,130.75,131.1999969482422,131.1999969482422,366459
2024-01-01 13:30:00,131.1999969482422,131.25,130.89999389648438,130.9499969482422,130.9499969482422,278687
2024-01-01 13:45:00,131.0,131.14999389648438,130.89999389648438,131.14999389648438,131.14999389648438,238102
2024-01-01 14:00:00,131.0500030517578,131.14999389648438,130.89999389648438,130.9499969482422,130.9499969482422,299328
2024-01-01 14:15:00,130.9499969482422,131.0,130.6999969482422,130.6999969482422,130.6999969482422,410506
2024-01-01 14:30:00,130.6999969482422,131.0,130.6999969482422,130.85000610351562,130.85000610351562,455504
2024-01-01 14:45:00,130.8000030517578,130.89999389648438,130.64999389648438,130.64999389648438,130.64999389648438,433457
2024-01-01 15:00:00,130.75,130.8000030517578,130.0,130.0500030517578,130.0500030517578,1280643
2024-01-01 15:15:00,130.0500030517578,130.4499969482422,130.0,130.39999389648438,130.39999389648438,1174796
2024-01-02 09:15:00,130.85000610351562,130.85000610351562,129.8000030517578,130.64999389648438,130.64999389648438,1849946
2024-01-02 09:30:00,130.60000610351562,131.39999389648438,130.4499969482422,131.14999389648438,131.14999389648438,1254883
2024-01-02 09:45:00,131.14999389648438,131.39999389648438,130.10000610351562,130.10000610351562,130.10000610351562,630102
2024-01-02 10:00:00,130.1999969482422,130.85000610351562,130.10000610351562,130.8000030517578,130.8000030517578,522094
2024-01-02 10:15:00,130.75,130.8000030517578,129.5,129.5,129.5,754378
2024-01-02 10:30:00,129.5,129.8000030517578,128.60000610351562,129.0,129.0,1644421
2024-01-02 10:45:00,129.10000610351562,130.14999389648438,128.9499969482422,130.0,130.0,716428
2024-01-02 11:00:00,130.0,130.0,129.39999389648438,129.5,129.5,325316
2024-01-02 11:15:00,129.5,129.9499969482422,129.35000610351562,129.85000610351562,129.85000610351562,225659
2024-01-02 11:30:00,129.85000610351562,130.10000610351562,129.60000610351562,129.89999389648438,129.89999389648438,364468
2024-01-02 11:45:00,129.89999389648438,129.89999389648438,129.5,129.6999969482422,129.6999969482422,231914
2024-01-02 12:00:00,129.8000030517578,130.0,129.64999389648438,129.8000030517578,129.8000030517578,211882
2024-01-02 12:15:00,129.8000030517578,130.35000610351562,129.8000030517578,130.14999389648438,130.14999389648438,370075
2024-01-02 12:30:00,130.14999389648438,131.10000610351562,130.10000610351562,130.8000030517578,130.8000030517578,657588
